mol_id,raw_smiles,canonical_smiles,isomeric_smiles,inchi_key,skeleton_key,tautomer_family_key,molecular_weight,formal_charge,heavy_atom_count,status,message,no,cas,pLC50,exposure_type,effect,Literature,DOI,Type
"(1S,4S)-4-(3,4-Dichlorphenyl)-1,2,3,4-tetrahydro-N-methyl-1-naphthalenamine",CNC1CCC(c2ccc(Cl)c(Cl)c2)c2ccccc21,CNC1CCC(c2ccc(Cl)c(Cl)c2)c2ccccc21,CNC1CCC(c2ccc(Cl)c(Cl)c2)c2ccccc21,VGKDLMBJGBXTGI-UHFFFAOYSA-N,VGKDLMBJGBXTGI,VGKDLMBJGBXTGI-UHFFFAOYSA-N,306.236,0,20,success,ok,1,79617-96-2,6.33,R,MOR,"Johnson,D.J., 2004. Risk Assessment of Selective Serotonin Reuptake Inhibitors:  Comparing Methods in Tiered Environmental Risk Assessment. Ph.D. Thesis, University of Guelph, Ontario, Canada:124 p. ",,PAHs
1-Naphthalenol,Oc1cccc2ccccc12,Oc1cccc2ccccc12,Oc1cccc2ccccc12,KJCVRFUGPWSIIH-UHFFFAOYSA-N,KJCVRFUGPWSIIH,KJCVRFUGPWSIIH-UHFFFAOYSA-N,144.17299999999997,0,11,success,ok,2,90-15-3,4.53,F,MOR,"Holcombe,G.W., G.L. Phipps, M.L. Knuth, and T. Felhaber, 1984. The Acute Toxicity of Selected Substituted Phenols, Benzenes and Benzoic Acid Esters to Fathead Minnows Pimephales promelas. Environ. Pollut. A.35(4): 367-381",本地文件（4630ug/L）：Geiger et al. Volume 2 - Acute Toxicities of Organic Chemicals to Fathead Minnows.pdf,PAHs
1-benzofuran,c1ccc2occc2c1,c1ccc2occc2c1,c1ccc2occc2c1,IANQTJSKSUMEQM-UHFFFAOYSA-N,IANQTJSKSUMEQM,IANQTJSKSUMEQM-UHFFFAOYSA-N,118.13499999999996,0,9,success,ok,3,271-89-6,3.93,F,MOR,"Geiger,D.L., D.J. Call, and L.T. Brooke, 1988. Acute Toxicities of Organic Chemicals to Fathead Minnows (Pimephales promelas) Volume IV. Center for Lake Superior Environmental Studies, University of Wisconsin, Superior, WI4:355 p.",,PAHs
"2-Methyl-1,4-naphthalenedione",CC1=CC(=O)c2ccccc2C1=O,CC1=CC(=O)c2ccccc2C1=O,CC1=CC(=O)c2ccccc2C1=O,MJVAVZPDRWSRRC-UHFFFAOYSA-N,MJVAVZPDRWSRRC,MJVAVZPDRWSRRC-UHFFFAOYSA-N,172.18299999999996,0,13,success,ok,4,58-27-5,6.19,F,MOR,"Geiger,D.L., D.J. Call, and L.T. Brooke, 1988. Acute Toxicities of Organic Chemicals to Fathead Minnows (Pimephales promelas) Volume IV. Center for Lake Superior Environmental Studies, University of Wisconsin, Superior, WI4:355 p.",,PAHs
Acenaphthene,c1cc2c3c(cccc3c1)CC2,c1cc2c3c(cccc3c1)CC2,c1cc2c3c(cccc3c1)CC2,CWRYPZZKDGJXCA-UHFFFAOYSA-N,CWRYPZZKDGJXCA,CWRYPZZKDGJXCA-UHFFFAOYSA-N,154.21199999999993,0,12,success,ok,5,83-32-9,4.98,F,MOR,"Holcombe,G.W., G.L. Phipps, and J.T. Fiandt, 1983. Toxicity of Selected Priority Pollutants to Various Aquatic Organisms. Ecotoxicol. Environ. Saf.7(4): 400-409",本地文件（1730ug/L）：Geiger et al. Volume 2 - Acute Toxicities of Organic Chemicals to Fathead Minnows.pdf,PAHs
Acridine,c1ccc2nc3ccccc3cc2c1,c1ccc2nc3ccccc3cc2c1,c1ccc2nc3ccccc3cc2c1,DZBUGLKDJFMEHC-UHFFFAOYSA-N,DZBUGLKDJFMEHC,DZBUGLKDJFMEHC-UHFFFAOYSA-N,179.22199999999998,0,14,success,ok,6,260-94-6,4.79,F,MOR,"Blaylock,B.G., M.L. Frank, and J.F. McCarthy, 1985. Comparative Toxicity of Copper and Acridine to Fish, Daphnia and Algae. Environ. Toxicol. Chem.4(1): 63-71",10.1002/etc.5620040109,PAHs
Azulene,c1ccc2cccc-2cc1,c1ccc2cccc-2cc1,c1ccc2cccc-2cc1,CUFNKYGDVFVPHO-UHFFFAOYSA-N,CUFNKYGDVFVPHO,CUFNKYGDVFVPHO-UHFFFAOYSA-N,128.17399999999995,0,10,success,ok,7,275-51-4,4.15,R,MOR,"Sweet,L.I., and P.G. Meier, 1997. Lethal and Sublethal Effects of Azulene and Longifolene to Microtox, Ceriodaphnia dubia, Daphnia magna, and Pimephales promelas. Bull. Environ. Contam. Toxicol.58(2): 268-274",10.1007/s001289900330,PAHs
Carbazole,c1ccc2c(c1)[nH]c1ccccc12,c1ccc2c(c1)[nH]c1ccccc12,c1ccc2c(c1)[nH]c1ccccc12,UJOBWOGCFQCDNV-UHFFFAOYSA-N,UJOBWOGCFQCDNV,UJOBWOGCFQCDNV-UHFFFAOYSA-N,167.21099999999998,0,13,success,ok,8,86-74-8,5.25,F,MOR,"Brooke,L.T., 1991. Results of Freshwater Exposures with the Chemicals Atrazine, Biphenyl, Butachlor, Carbaryl, Carbazole, Dibenzofuran, 3,3'-Dichlorobenzidine, Dichlorvos, 1,2-Epoxyethylbenzene (Styrene Oxide), Isophorone, Isopropalin, Ox. Center for Lake Superior Environmental Studies, University of Wisconsin, Superior, WI:110 p.",,PAHs
Dibenzofuran,c1ccc2c(c1)oc1ccccc12,c1ccc2c(c1)oc1ccccc12,c1ccc2c(c1)oc1ccccc12,TXCDCPKCNAJMEE-UHFFFAOYSA-N,TXCDCPKCNAJMEE,TXCDCPKCNAJMEE-UHFFFAOYSA-N,168.195,0,13,success,ok,9,132-64-9,4.97,F,MOR,"Geiger,D.L., D.J. Call, and L.T. Brooke, 1988. Acute Toxicities of Organic Chemicals to Fathead Minnows (Pimephales promelas) Volume IV. Center for Lake Superior Environmental Studies, University of Wisconsin, Superior, WI4:355 p.",,PAHs
Fluoranthene,c1ccc2c(c1)-c1cccc3cccc-2c13,c1ccc2c(c1)-c1cccc3cccc-2c13,c1ccc2c(c1)-c1cccc3cccc-2c13,GVEPBJHOBDJJJI-UHFFFAOYSA-N,GVEPBJHOBDJJJI,GVEPBJHOBDJJJI-UHFFFAOYSA-N,202.25599999999997,0,16,success,ok,10,206-44-0,5.98,F,MOR,"Spehar,R.L., S. Poucher, L.T. Brooke, D.J. Hansen, D. Champlin, and D.A. Cox, 1999. Comparative Toxicity of Fluoranthene to Freshwater and Saltwater Species Under Fluorescent and Ultraviolet Light. Arch. Environ. Contam. Toxicol.37(4): 496-502",,PAHs
N-Vinylcarbazole,C=Cn1c2ccccc2c2ccccc21,C=Cn1c2ccccc2c2ccccc21,C=Cn1c2ccccc2c2ccccc21,KKFHAJHLJHVUDM-UHFFFAOYSA-N,KKFHAJHLJHVUDM,KKFHAJHLJHVUDM-UHFFFAOYSA-N,193.24899999999997,0,15,success,ok,11,1484-13-5,7.78,F,MOR,"Geiger,D.L., S.H. Poirier, L.T. Brooke, and D.J. Call, 1986. Acute Toxicities of Organic Chemicals to Fathead Minnows (Pimephales promelas) Volume III. Center for Lake Superior Environmental Studies, University of Wisconsin, Superior, WI:328 p.",,PAHs
Naphthalene,c1ccc2ccccc2c1,c1ccc2ccccc2c1,c1ccc2ccccc2c1,UFWIBTONFRDIAS-UHFFFAOYSA-N,UFWIBTONFRDIAS,UFWIBTONFRDIAS-UHFFFAOYSA-N,128.17399999999995,0,10,success,ok,12,91-20-3,4.32,F,MOR,"Broderius,S.J., M.D. Kahl, and M.D. Hoglund, 1995. Use of Joint Toxic Response to Define the Primary Mode of Toxic Action for Diverse Industrial Organic Chemicals. Environ. Toxicol. Chem.14(9): 1591-1605",本地文件（6000ug/L）：Geiger et al. Volume 2 - Acute Toxicities of Organic Chemicals to Fathead Minnows.pdf,PAHs
"[1R-(1 alpha, 4a beta, 4b alpha, 10a alpha]-1,2,3,4a,4b alpha, 10a alpha]-1,2,3,4,4a,4b,5,6,7,9,10,10a-dodecahydro-1,4a-dimethyl-7-(1-methylethylidene)-1-phenanthrenecarboxylic acid",CC(C)=C1C=C2CCC3C(C)(C(=O)O)CCCC3(C)C2CC1,CC(C)=C1C=C2CCC3C(C)(C(=O)O)CCCC3(C)C2CC1,CC(C)=C1C=C2CCC3C(C)(C(=O)O)CCCC3(C)C2CC1,KGMSWPSAVZAMKR-UHFFFAOYSA-N,KGMSWPSAVZAMKR,KGMSWPSAVZAMKR-UHFFFAOYSA-N,302.458,0,22,success,ok,13,471-77-2,5.3,F,MOR,"Geiger,D.L., C.E. Northcott, D.J. Call, and L.T. Brooke, 1985. Acute Toxicities of Organic Chemicals to Fathead Minnows (Pimephales promelas), Volume II. Center for Lake Superior Environmental Studies, University of Wisconsin, Superior, WI:326 p.",,PAHs
"[1S-(1 alpha, 3a beta, 4 alpha, 8a beta)]-Decahydro-4,8,8-trimethyl-9-methylene-1,4-methanoazulene",C=C1C2CCC3C2C(C)(C)CCCC13C,C=C1C2CCC3C2C(C)(C)CCCC13C,C=C1C2CCC3C2C(C)(C)CCCC13C,PDSNLYSELAIEBU-UHFFFAOYSA-N,PDSNLYSELAIEBU,PDSNLYSELAIEBU-UHFFFAOYSA-N,204.35699999999994,0,15,success,ok,14,475-20-7,4.3,R,MOR,"Sweet,L.I., and P.G. Meier, 1997. Lethal and Sublethal Effects of Azulene and Longifolene to Microtox, Ceriodaphnia dubia, Daphnia magna, and Pimephales promelas. Bull. Environ. Contam. Toxicol.58(2): 268-274",10.1007/s001289900330,PAHs
"1,2,3,4,5-Pentachlorobenzene",Clc1cc(Cl)c(Cl)c(Cl)c1Cl,Clc1cc(Cl)c(Cl)c(Cl)c1Cl,Clc1cc(Cl)c(Cl)c(Cl)c1Cl,CEOCDNVZRAIOQZ-UHFFFAOYSA-N,CEOCDNVZRAIOQZ,CEOCDNVZRAIOQZ-UHFFFAOYSA-N,250.339,0,11,success,ok,15,608-93-5,6.0,F,MOR,"Brooke,L., 1987. Report of the Flow-Through and Static Acute Test Comparisons with Fathead Minnows and Acute Tests with an Amphipod and a Cladoceran. Memo to L.Larson, Center for Lake Superior Environmental Studies dated August 31:24 p.",Structure‐activity relationships for Pimephales and Tetrahymena: A mechanism of action approach,Benzenehalide
"1,2,3,4-Tetrachlorobenzene",Clc1ccc(Cl)c(Cl)c1Cl,Clc1ccc(Cl)c(Cl)c1Cl,Clc1ccc(Cl)c(Cl)c1Cl,GBDZXPJXOMHESU-UHFFFAOYSA-N,GBDZXPJXOMHESU,GBDZXPJXOMHESU-UHFFFAOYSA-N,215.894,0,10,success,ok,16,634-66-2,5.29,F,MOR,"Carlson,A.R., and P.A. Kosian, 1987. Toxicity of Chlorinated Benzenes to Fathead Minnows (Pimephales promelas). Arch. Environ. Contam. Toxicol.16(2): 129-135",10.1007/BF01055794,Benzenehalide
"1,2,3,5-Tetrachlorobenzene",Clc1cc(Cl)c(Cl)c(Cl)c1,Clc1cc(Cl)c(Cl)c(Cl)c1,Clc1cc(Cl)c(Cl)c(Cl)c1,QZYNWJQFTJXIRN-UHFFFAOYSA-N,QZYNWJQFTJXIRN,QZYNWJQFTJXIRN-UHFFFAOYSA-N,215.894,0,10,success,ok,17,634-90-2,6.22,F,MOR,"Turner,L.W., 1982. Acute Toxicity of Selected Chemicals to Fathead Minnow, Water Flea and Mysid Shrimp Under Static and Flow-Through Test Conditions. Final Rep.Coop.Agreement 807479-01-0, U.S.EPA, Off.of Pestic.and Toxic Subst., Washington, DC:258 p.",,Benzenehalide
"1,2,4,5-Tetrachlorobenzene",Clc1cc(Cl)c(Cl)cc1Cl,Clc1cc(Cl)c(Cl)cc1Cl,Clc1cc(Cl)c(Cl)cc1Cl,JHBKHLUZVFWLAG-UHFFFAOYSA-N,JHBKHLUZVFWLAG,JHBKHLUZVFWLAG-UHFFFAOYSA-N,215.894,0,10,success,ok,18,95-94-3,5.83,F,MOR,"Brooke,L.T., 1991. Results of Freshwater Exposures with the Chemicals Atrazine, Biphenyl, Butachlor, Carbaryl, Carbazole, Dibenzofuran, 3,3'-Dichlorobenzidine, Dichlorvos, 1,2-Epoxyethylbenzene (Styrene Oxide), Isophorone, Isopropalin, Ox. Center for Lake Superior Environmental Studies, University of Wisconsin, Superior, WI:110 p.",Structure‐activity relationships for Pimephales and Tetrahymena: A mechanism of action approach,Benzenehalide
"1,2,4-Trichlorobenzene",Clc1ccc(Cl)c(Cl)c1,Clc1ccc(Cl)c(Cl)c1,Clc1ccc(Cl)c(Cl)c1,PBKONEOXTCPAFI-UHFFFAOYSA-N,PBKONEOXTCPAFI,PBKONEOXTCPAFI-UHFFFAOYSA-N,181.449,0,9,success,ok,19,120-82-1,4.78,F,MOR,"Geiger,D.L., L.T. Brooke, and D.J. Call, 1990. Acute Toxicities of Organic Chemicals to Fathead Minnows (Pimephales promelas), Volume V. Center for Lake Superior Environmental Studies, University of Wisconsin, Superior, WI:332 p.",Structure‐activity relationships for Pimephales and Tetrahymena: A mechanism of action approach,Benzenehalide
"1,2-Dibromobenzene",Brc1ccccc1Br,Brc1ccccc1Br,Brc1ccccc1Br,WQONPSCCEXUXTQ-UHFFFAOYSA-N,WQONPSCCEXUXTQ,WQONPSCCEXUXTQ-UHFFFAOYSA-N,235.90599999999998,0,8,success,ok,20,583-53-9,4.76,F,MOR,"Geiger,D.L., D.J. Call, and L.T. Brooke, 1988. Acute Toxicities of Organic Chemicals to Fathead Minnows (Pimephales promelas) Volume IV. Center for Lake Superior Environmental Studies, University of Wisconsin, Superior, WI4:355 p.",,Benzenehalide
"1,2-Dichlorobenzene",Clc1ccccc1Cl,Clc1ccccc1Cl,Clc1ccccc1Cl,RFFLAFLAYFXFSW-UHFFFAOYSA-N,RFFLAFLAYFXFSW,RFFLAFLAYFXFSW-UHFFFAOYSA-N,147.00399999999996,0,8,success,ok,21,95-50-1,4.19,F,MOR,"Geiger,D.L., S.H. Poirier, L.T. Brooke, and D.J. Call, 1986. Acute Toxicities of Organic Chemicals to Fathead Minnows (Pimephales promelas) Volume III. Center for Lake Superior Environmental Studies, University of Wisconsin, Superior, WI:328 p.",Structure‐activity relationships for Pimephales and Tetrahymena: A mechanism of action approach,Benzenehalide
"1,3-Dichlorobenzene",Clc1cccc(Cl)c1,Clc1cccc(Cl)c1,Clc1cccc(Cl)c1,ZPQOPVIELGIULI-UHFFFAOYSA-N,ZPQOPVIELGIULI,ZPQOPVIELGIULI-UHFFFAOYSA-N,147.004,0,8,success,ok,22,541-73-1,4.26,F,MOR,"Geiger,D.L., S.H. Poirier, L.T. Brooke, and D.J. Call, 1986. Acute Toxicities of Organic Chemicals to Fathead Minnows (Pimephales promelas) Volume III. Center for Lake Superior Environmental Studies, University of Wisconsin, Superior, WI:328 p.",,Benzenehalide
"1,4-Dibromobenzene",Brc1ccc(Br)cc1,Brc1ccc(Br)cc1,Brc1ccc(Br)cc1,SWJPEBQEEAHIGZ-UHFFFAOYSA-N,SWJPEBQEEAHIGZ,SWJPEBQEEAHIGZ-UHFFFAOYSA-N,235.90599999999998,0,8,success,ok,23,106-37-6,5.28,R,MOR,"Sijm,D.T.H.M., M. Schipper, and A. Opperhuizen, 1993. Toxicokinetics of Halogenated Benzenes in Fish: Lethal Body Burden as a Toxicological End Point. Environ. Toxicol. Chem.12:1117-1127",10.1897/1552-8618(1993)12[1117:TOHBIF]2.0.CO;2,Benzenehalide
"1,4-Dichlorobenzene",Clc1ccc(Cl)cc1,Clc1ccc(Cl)cc1,Clc1ccc(Cl)cc1,OCJBOOLMMGQPQU-UHFFFAOYSA-N,OCJBOOLMMGQPQU,OCJBOOLMMGQPQU-UHFFFAOYSA-N,147.00400000000002,0,8,success,ok,24,106-46-7,4.54,F,MOR,"Carlson,A.R., and P.A. Kosian, 1987. Toxicity of Chlorinated Benzenes to Fathead Minnows (Pimephales promelas). Arch. Environ. Contam. Toxicol.16(2): 129-135",10.1007/BF01055794,Benzenehalide
Bromobenzene,Brc1ccccc1,Brc1ccccc1,Brc1ccccc1,QARVLSVVCXYDNA-UHFFFAOYSA-N,QARVLSVVCXYDNA,QARVLSVVCXYDNA-UHFFFAOYSA-N,157.01,0,7,success,ok,25,108-86-1,4.44,F,MOR,"Marchini,S., M.D. Hoglund, S.J. Broderius, and M.L. Tosato, 1993. Comparison of the Susceptibility of Daphnids and Fish to Benzene Derivatives. Sci. Total Environ.Suppl.:799-808",Structure‐activity relationships for Pimephales and Tetrahymena: A mechanism of action approach,Benzenehalide
Chlorobenzene,Clc1ccccc1,Clc1ccccc1,Clc1ccccc1,MVPPADPHJFYWMZ-UHFFFAOYSA-N,MVPPADPHJFYWMZ,MVPPADPHJFYWMZ-UHFFFAOYSA-N,112.55899999999997,0,7,success,ok,26,108-90-7,3.82,F,MOR,"Geiger,D.L., L.T. Brooke, and D.J. Call, 1990. Acute Toxicities of Organic Chemicals to Fathead Minnows (Pimephales promelas), Volume V. Center for Lake Superior Environmental Studies, University of Wisconsin, Superior, WI:332 p.",Structure‐activity relationships for Pimephales and Tetrahymena: A mechanism of action approach,Benzenehalide
"2,2',3,3',4,4',5,5'-Octachloro-1,1'-biphenyl",Clc1cc(-c2cc(Cl)c(Cl)c(Cl)c2Cl)c(Cl)c(Cl)c1Cl,Clc1cc(-c2cc(Cl)c(Cl)c(Cl)c2Cl)c(Cl)c(Cl)c1Cl,Clc1cc(-c2cc(Cl)c(Cl)c(Cl)c2Cl)c(Cl)c(Cl)c1Cl,DTMRKGRREZAYAP-UHFFFAOYSA-N,DTMRKGRREZAYAP,DTMRKGRREZAYAP-UHFFFAOYSA-N,429.77200000000016,0,20,success,ok,27,35694-08-7,9.33,R,MOR,"Black,M.C., W. Burton, J.F. McCarthy, M.J. Peterson, and G.R. Southworth, 1993. Accumulation of Contaminants by Biota in East Fork Poplar Creek. In: Oak Ridge Y12 Plant, Environ.Sci.Div.Publ.No.3859, Oak Ridge Natl.Lab., Oak Ridge, TN4:109-172",,PCBs
"2,2',3,3',4,4',6-Heptachloro-1,1'-biphenyl",Clc1ccc(-c2c(Cl)cc(Cl)c(Cl)c2Cl)c(Cl)c1Cl,Clc1ccc(-c2c(Cl)cc(Cl)c(Cl)c2Cl)c(Cl)c1Cl,Clc1ccc(-c2c(Cl)cc(Cl)c(Cl)c2Cl)c(Cl)c1Cl,TZMHVHLTPWKZCI-UHFFFAOYSA-N,TZMHVHLTPWKZCI,TZMHVHLTPWKZCI-UHFFFAOYSA-N,395.3270000000001,0,19,success,ok,28,52663-71-5,8.29,R,MOR,"Black,M.C., W. Burton, J.F. McCarthy, M.J. Peterson, and G.R. Southworth, 1993. Accumulation of Contaminants by Biota in East Fork Poplar Creek. In: Oak Ridge Y12 Plant, Environ.Sci.Div.Publ.No.3859, Oak Ridge Natl.Lab., Oak Ridge, TN4:109-172",,PCBs
"2,2',3,3',4,4'-Hexachloro-1,1'-biphenyl",Clc1ccc(-c2ccc(Cl)c(Cl)c2Cl)c(Cl)c1Cl,Clc1ccc(-c2ccc(Cl)c(Cl)c2Cl)c(Cl)c1Cl,Clc1ccc(-c2ccc(Cl)c(Cl)c2Cl)c(Cl)c1Cl,BTAGRXWGMYTPBY-UHFFFAOYSA-N,BTAGRXWGMYTPBY,BTAGRXWGMYTPBY-UHFFFAOYSA-N,360.88200000000006,0,18,success,ok,29,38380-07-3,8.78,R,MOR,"Black,M.C., W. Burton, J.F. McCarthy, M.J. Peterson, and G.R. Southworth, 1993. Accumulation of Contaminants by Biota in East Fork Poplar Creek. In: Oak Ridge Y12 Plant, Environ.Sci.Div.Publ.No.3859, Oak Ridge Natl.Lab., Oak Ridge, TN4:109-172",,PCBs
"2,2',4,4',5,5'-Hexachloro-1,1'-biphenyl",Clc1cc(Cl)c(-c2cc(Cl)c(Cl)cc2Cl)cc1Cl,Clc1cc(Cl)c(-c2cc(Cl)c(Cl)cc2Cl)cc1Cl,Clc1cc(Cl)c(-c2cc(Cl)c(Cl)cc2Cl)cc1Cl,MVWHGTYKUMDIHL-UHFFFAOYSA-N,MVWHGTYKUMDIHL,MVWHGTYKUMDIHL-UHFFFAOYSA-N,360.88200000000006,0,18,success,ok,30,35065-27-1,8.44,R,MOR,"Black,M.C., W. Burton, J.F. McCarthy, M.J. Peterson, and G.R. Southworth, 1993. Accumulation of Contaminants by Biota in East Fork Poplar Creek. In: Oak Ridge Y12 Plant, Environ.Sci.Div.Publ.No.3859, Oak Ridge Natl.Lab., Oak Ridge, TN4:109-172",,PCBs
"2,2',4,5,5'-Pentachloro-1,1'-biphenyl",Clc1ccc(Cl)c(-c2cc(Cl)c(Cl)cc2Cl)c1,Clc1ccc(Cl)c(-c2cc(Cl)c(Cl)cc2Cl)c1,Clc1ccc(Cl)c(-c2cc(Cl)c(Cl)cc2Cl)c1,LAHWLEDBADHJGA-UHFFFAOYSA-N,LAHWLEDBADHJGA,LAHWLEDBADHJGA-UHFFFAOYSA-N,326.437,0,17,success,ok,31,37680-73-2,7.51,R,MOR,"Black,M.C., W. Burton, J.F. McCarthy, M.J. Peterson, and G.R. Southworth, 1993. Accumulation of Contaminants by Biota in East Fork Poplar Creek. In: Oak Ridge Y12 Plant, Environ.Sci.Div.Publ.No.3859, Oak Ridge Natl.Lab., Oak Ridge, TN4:109-172","DERIVATION OF ENVIRONMENTAL QUALITY STANDARDS BY ECOLOGICAL RISKASSESSMENT APPROACHUSING AQUATOXMODEL, Journal of Environmental Protection and Ecology 18,No 1,71-83(2017)",PCBs
"2,2',5,5'-Tetrachloro-1,1'-biphenyl",Clc1ccc(Cl)c(-c2cc(Cl)ccc2Cl)c1,Clc1ccc(Cl)c(-c2cc(Cl)ccc2Cl)c1,Clc1ccc(Cl)c(-c2cc(Cl)ccc2Cl)c1,HCWZEPKLWVAEOV-UHFFFAOYSA-N,HCWZEPKLWVAEOV,HCWZEPKLWVAEOV-UHFFFAOYSA-N,291.992,0,16,success,ok,32,35693-99-3,6.99,R,MOR,"Black,M.C., W. Burton, J.F. McCarthy, M.J. Peterson, and G.R. Southworth, 1993. Accumulation of Contaminants by Biota in East Fork Poplar Creek. In: Oak Ridge Y12 Plant, Environ.Sci.Div.Publ.No.3859, Oak Ridge Natl.Lab., Oak Ridge, TN4:109-172",,PCBs
"2,2',5-Trichloro-1,1'-biphenyl",Clc1ccc(Cl)c(-c2ccccc2Cl)c1,Clc1ccc(Cl)c(-c2ccccc2Cl)c1,Clc1ccc(Cl)c(-c2ccccc2Cl)c1,DCMURXAZTZQAFB-UHFFFAOYSA-N,DCMURXAZTZQAFB,DCMURXAZTZQAFB-UHFFFAOYSA-N,257.547,0,15,success,ok,33,37680-65-2,6.88,R,MOR,"Black,M.C., W. Burton, J.F. McCarthy, M.J. Peterson, and G.R. Southworth, 1993. Accumulation of Contaminants by Biota in East Fork Poplar Creek. In: Oak Ridge Y12 Plant, Environ.Sci.Div.Publ.No.3859, Oak Ridge Natl.Lab., Oak Ridge, TN4:109-172",,PCBs
"2,3,4,5,6-Pentachloro-1,1'-biphenyl",Clc1c(Cl)c(Cl)c(-c2ccccc2)c(Cl)c1Cl,Clc1c(Cl)c(Cl)c(-c2ccccc2)c(Cl)c1Cl,Clc1c(Cl)c(Cl)c(-c2ccccc2)c(Cl)c1Cl,GGMPTLAAIUQMIE-UHFFFAOYSA-N,GGMPTLAAIUQMIE,GGMPTLAAIUQMIE-UHFFFAOYSA-N,326.437,0,17,success,ok,34,18259-05-7,7.61,R,MOR,"Black,M.C., W. Burton, J.F. McCarthy, M.J. Peterson, and G.R. Southworth, 1993. Accumulation of Contaminants by Biota in East Fork Poplar Creek. In: Oak Ridge Y12 Plant, Environ.Sci.Div.Publ.No.3859, Oak Ridge Natl.Lab., Oak Ridge, TN4:109-172",,PCBs
"2,4,4'-Trichloro-1,1'-biphenyl",Clc1ccc(-c2ccc(Cl)cc2Cl)cc1,Clc1ccc(-c2ccc(Cl)cc2Cl)cc1,Clc1ccc(-c2ccc(Cl)cc2Cl)cc1,BZTYNSQSZHARAZ-UHFFFAOYSA-N,BZTYNSQSZHARAZ,BZTYNSQSZHARAZ-UHFFFAOYSA-N,257.54699999999997,0,15,success,ok,35,7012-37-5,6.2,R,MOR,"Black,M.C., W. Burton, J.F. McCarthy, M.J. Peterson, and G.R. Southworth, 1993. Accumulation of Contaminants by Biota in East Fork Poplar Creek. In: Oak Ridge Y12 Plant, Environ.Sci.Div.Publ.No.3859, Oak Ridge Natl.Lab., Oak Ridge, TN4:109-172",,PCBs
"3,3',4,4'-Tetrachloro-1,1'-biphenyl",Clc1ccc(-c2ccc(Cl)c(Cl)c2)cc1Cl,Clc1ccc(-c2ccc(Cl)c(Cl)c2)cc1Cl,Clc1ccc(-c2ccc(Cl)c(Cl)c2)cc1Cl,UQMGJOKDKOLIDP-UHFFFAOYSA-N,UQMGJOKDKOLIDP,UQMGJOKDKOLIDP-UHFFFAOYSA-N,291.99199999999996,0,16,success,ok,36,32598-13-3,8.16,R,MOR,"Black,M.C., W. Burton, J.F. McCarthy, M.J. Peterson, and G.R. Southworth, 1993. Accumulation of Contaminants by Biota in East Fork Poplar Creek. In: Oak Ridge Y12 Plant, Environ.Sci.Div.Publ.No.3859, Oak Ridge Natl.Lab., Oak Ridge, TN4:109-172",,PCBs
"3,3'-Dichloro-[1,1'-biphenyl]-4,4'-diamine",Nc1ccc(-c2ccc(N)c(Cl)c2)cc1Cl,Nc1ccc(-c2ccc(N)c(Cl)c2)cc1Cl,Nc1ccc(-c2ccc(N)c(Cl)c2)cc1Cl,HUWXDEQWWKGHRV-UHFFFAOYSA-N,HUWXDEQWWKGHRV,HUWXDEQWWKGHRV-UHFFFAOYSA-N,253.13199999999998,0,16,success,ok,37,91-94-1,5.08,F,MOR,"Brooke,L.T., 1991. Results of Freshwater Exposures with the Chemicals Atrazine, Biphenyl, Butachlor, Carbaryl, Carbazole, Dibenzofuran, 3,3'-Dichlorobenzidine, Dichlorvos, 1,2-Epoxyethylbenzene (Styrene Oxide), Isophorone, Isopropalin, Ox. Center for Lake Superior Environmental Studies, University of Wisconsin, Superior, WI:110 p.",,PCBs
AROCLOR 1242,Clc1ccc(-c2ccc(Cl)c(Cl)c2)c(Cl)c1,Clc1ccc(-c2ccc(Cl)c(Cl)c2)c(Cl)c1,Clc1ccc(-c2ccc(Cl)c(Cl)c2)c(Cl)c1,RKLLTEAEZIJBAU-UHFFFAOYSA-N,RKLLTEAEZIJBAU,RKLLTEAEZIJBAU-UHFFFAOYSA-N,291.99199999999996,0,16,success,ok,38,53469-21-9,7.29,F,MOR,"Nebeker,A.V., F.A. Puglisi, and D.L. DeFoe, 1974. Effect of Polychlorinated Biphenyl Compounds on Survival and Reproduction of the Fathead Minnow and Flagfish. Trans. Am. Fish. Soc.103(3): 562-568",10.1577/1548-8659(1974)103<562:EOPBCO>2.0.CO;2,PCBs
AROCLOR 1254,Clc1cccc(-c2ccc(Cl)c(Cl)c2Cl)c1Cl,Clc1cccc(-c2ccc(Cl)c(Cl)c2Cl)c1Cl,Clc1cccc(-c2ccc(Cl)c(Cl)c2Cl)c1Cl,AUGNBQPSMWGAJE-UHFFFAOYSA-N,AUGNBQPSMWGAJE,AUGNBQPSMWGAJE-UHFFFAOYSA-N,326.437,0,17,success,ok,39,11097-69-1,7.62,F,MOR,"Nebeker,A.V., F.A. Puglisi, and D.L. DeFoe, 1974. Effect of Polychlorinated Biphenyl Compounds on Survival and Reproduction of the Fathead Minnow and Flagfish. Trans. Am. Fish. Soc.103(3): 562-568",10.1577/1548-8659(1974)103<562:EOPBCO>2.0.CO;2,PCBs
